{
  "datasetId": "flights",
  "rowIdColumn": "tuple_id",
  "sparkVersion": "3.3.1",
  "sparkMaster": "spark://spark-master:7077",
  "rowCount": 2376,
  "detectableCellCount": 14256,
  "truthPositiveCount": 4920,
  "truthNegativeCount": 9336,
  "sampledRowCount": 20,
  "directLabelCount": 120,
  "evaluationCellCount": 14136,
  "strategyPlanCount": 60,
  "strategyHitCount": 86874,
  "strategyFamilyPlanCounts": "{OD=6, PVD=24, RVD=30}",
  "candidateModelCount": 4,
  "detectionResultCount": 9504,
  "persistedResultCount": 9504,
  "truePositive": 4056,
  "falsePositive": 554,
  "falseNegative": 829,
  "trueNegative": 8697,
  "precision": 0.879826464208,
  "recall": 0.830296827021,
  "f1": 0.854344391785,
  "averagePrecision": 0.815397963775,
  "fullDataPrecision": 0.880731969860,
  "fullDataRecall": 0.831504065041,
  "fullDataF1": 0.855410350235,
  "scoreDiagnostics": "{sched_dep_time=count=2376,min=2.2495068187389505E-13,max=0.9999999999994964,mean=0.3500601130704942,positiveRatio=0.35058922558922556, act_dep_time=count=2376,min=0.0,max=1.0,mean=0.6432642689132126,positiveRatio=0.6435185185185185, sched_arr_time=count=2376,min=0.0,max=1.0,mean=0.5090374480026528,positiveRatio=0.51010101010101, act_arr_time=count=2376,min=0.0,max=1.0,mean=0.4496789359828992,positiveRatio=0.45075757575757575}",
  "modelDiagnostics": "{sched_dep_time={sampleCount=20.0, positiveCount=6.0, negativeCount=14.0, conflictingCellCount=0.0, scoreMinimum=4.314728441510819E-12, scoreMaximum=0.9999999993398803, scoreMean=0.3000000020692096, scoreStandardDeviation=0.4582575673867806, predictedPositiveRatio=0.3, trainingPrecision=1.0, trainingRecall=1.0, trainingF1=1.0, qualityGatePassed=1.0, fallback=0.0}, act_dep_time={sampleCount=20.0, positiveCount=11.0, negativeCount=9.0, conflictingCellCount=0.0, scoreMinimum=0.0, scoreMaximum=1.0, scoreMean=0.55000000040782, scoreStandardDeviation=0.4974937054628662, predictedPositiveRatio=0.55, trainingPrecision=1.0, trainingRecall=1.0, trainingF1=1.0, qualityGatePassed=1.0, fallback=0.0}, sched_arr_time={sampleCount=20.0, positiveCount=8.0, negativeCount=12.0, conflictingCellCount=0.0, scoreMinimum=0.0, scoreMaximum=1.0, scoreMean=0.4000000015438194, scoreStandardDeviation=0.489897946124019, predictedPositiveRatio=0.4, trainingPrecision=1.0, trainingRecall=1.0, trainingF1=1.0, qualityGatePassed=1.0, fallback=0.0}, act_arr_time={sampleCount=20.0, positiveCount=10.0, negativeCount=10.0, conflictingCellCount=0.0, scoreMinimum=0.0, scoreMaximum=1.0, scoreMean=0.49999999841616544, scoreStandardDeviation=0.4999999956184529, predictedPositiveRatio=0.5, trainingPrecision=1.0, trainingRecall=1.0, trainingF1=1.0, qualityGatePassed=1.0, fallback=0.0}}",
  "elapsedMillis": 152849,
  "sampleUdfResult": "{\"jobId\":\"flights-sample-job\",\"taskType\":\"SAMPLE\",\"status\":\"ACCEPTED\",\"resultLocation\":\"file:///opt/spark/work-dir/data/raha-flights-validation-final-20260715-1912/udf-requests/flights-sample-job-sample.request\",\"configVersion\":\"74d180af7e94c9c855a05c81a05367b4538c5c871a1d215eb526050eef115cbc\",\"errorCode\":null,\"errorMessage\":null,\"submittedAt\":1784114077286}",
  "trainUdfResult": "{\"jobId\":\"flights-train-job\",\"taskType\":\"TRAIN\",\"status\":\"ACCEPTED\",\"resultLocation\":\"file:///opt/spark/work-dir/data/raha-flights-validation-final-20260715-1912/udf-requests/flights-train-job-train.request\",\"configVersion\":\"364478cbcb5ca305c2cd4eb5b0846bc38982bfa051751f37bc42c3a859623122\",\"errorCode\":null,\"errorMessage\":null,\"submittedAt\":1784114078135}",
  "detectUdfResult": "{\"jobId\":\"flights-detect-job\",\"taskType\":\"DETECT\",\"status\":\"ACCEPTED\",\"resultLocation\":\"file:///opt/spark/work-dir/data/raha-flights-validation-final-20260715-1912/udf-requests/flights-detect-job-detect.request\",\"configVersion\":\"3e0c68a404b30a368e0ec324f782750bd787f34bce5d3e0549f02c90c0be50cb\",\"errorCode\":null,\"errorMessage\":null,\"submittedAt\":1784114174343}"
}
